ticker,fiscalDateEnding,reportedDate,reportedEPS,estimatedEPS,surprise,surprisePercentage,window_start,window_end
A,2021-07-31,2021-08-17,1.1,0.99,0.11,11.1111,2021-07-17,2021-08-16
AAL,2021-06-30,2021-07-22,-1.69,-1.73,0.04,2.3121,2021-06-22,2021-07-21
AAP,2021-06-30,2021-08-24,3.4,3.04,0.36,11.8421,2021-07-24,2021-08-23
AAPL,2021-06-30,2021-07-27,1.3,1.01,0.29,28.7129,2021-06-27,2021-07-26
ABBV,2021-06-30,2021-07-30,3.09,3.09,0.0,0.0,2021-06-30,2021-07-29
ABT,2021-06-30,2021-07-22,1.17,1.02,0.15,14.7059,2021-06-22,2021-07-21
ACN,2021-08-31,2021-09-23,2.2,2.19,0.01,0.4566,2021-08-23,2021-09-22
ADBE,2021-08-31,2021-09-21,3.11,3.02,0.09,2.9801,2021-08-21,2021-09-20
ADI,2021-07-31,2021-08-18,1.72,1.61,0.11,6.8323,2021-07-18,2021-08-17
ADM,2021-06-30,2021-07-27,1.33,1.03,0.3,29.1262,2021-06-27,2021-07-26
ADP,2021-06-30,2021-07-28,1.2,1.14,0.06,5.2632,2021-06-28,2021-07-27
ADSK,2021-07-31,2021-08-25,1.21,1.13,0.08,7.0796,2021-07-25,2021-08-24
AEE,2021-06-30,2021-08-05,0.8,0.78,0.02,2.5641,2021-07-05,2021-08-04
AEP,2021-06-30,2021-07-22,1.18,1.14,0.04,3.5088,2021-06-22,2021-07-21
AES,2021-06-30,2021-08-04,0.31,0.29,0.02,6.8966,2021-07-04,2021-08-03
AFL,2021-06-30,2021-07-28,1.59,1.27,0.32,25.1969,2021-06-28,2021-07-27
AIG,2021-06-30,2021-08-05,0.11,1.2,-1.09,-90.8333,2021-07-05,2021-08-04
AIZ,2021-06-30,2021-08-03,2.99,2.47,0.52,21.0526,2021-07-03,2021-08-02
AJG,2021-06-30,2021-07-29,1.17,1.14,0.03,2.6316,2021-06-29,2021-07-28
AKAM,2021-06-30,2021-08-03,1.42,1.38,0.04,2.8986,2021-07-03,2021-08-02
ALB,2021-06-30,2021-08-04,0.89,0.84,0.05,5.9524,2021-07-04,2021-08-03
ALGN,2021-06-30,2021-07-28,3.04,2.53,0.51,20.1581,2021-06-28,2021-07-27
ALK,2021-06-30,2021-07-22,-0.3,-0.44,0.14,31.8182,2021-06-22,2021-07-21
ALL,2021-06-30,2021-08-04,3.79,3.17,0.62,19.5584,2021-07-04,2021-08-03
ALLE,2021-06-30,2021-07-22,1.32,1.32,0.0,0.0,2021-06-22,2021-07-21
AMAT,2021-07-31,2021-08-19,1.9,1.77,0.13,7.3446,2021-07-19,2021-08-18
AMCR,2021-06-30,2021-08-17,0.23,0.22,0.01,4.5455,2021-07-17,2021-08-16
AMD,2021-06-30,2021-07-27,0.63,0.54,0.09,16.6667,2021-06-27,2021-07-26
AME,2021-06-30,2021-08-03,1.15,1.1,0.05,4.5455,2021-07-03,2021-08-02
AMGN,2021-06-30,2021-08-03,4.38,4.09,0.29,7.0905,2021-07-03,2021-08-02
AMP,2021-06-30,2021-07-26,5.27,5.2,0.07,1.3462,2021-06-26,2021-07-25
AMT,2021-06-30,2021-07-29,1.65,1.29,0.36,27.907,2021-06-29,2021-07-28
AMZN,2021-06-30,2021-07-29,0.76,0.62,0.14,22.5806,2021-06-29,2021-07-28
ANET,2021-06-30,2021-08-02,0.68,0.64,0.04,6.25,2021-07-02,2021-08-01
AON,2021-06-30,2021-07-30,2.29,1.85,0.44,23.7838,2021-06-30,2021-07-29
AOS,2021-06-30,2021-07-29,0.73,0.65,0.08,12.3077,2021-06-29,2021-07-28
APA,2021-06-30,2021-08-04,0.7,0.57,0.13,22.807,2021-07-04,2021-08-03
APD,2021-06-30,2021-08-09,2.31,2.38,-0.07,-2.9412,2021-07-09,2021-08-08
APH,2021-06-30,2021-07-28,0.61,0.55,0.06,10.9091,2021-06-28,2021-07-27
APTV,2021-06-30,2021-08-05,0.6,0.64,-0.04,-6.25,2021-07-05,2021-08-04
ARE,2021-06-30,2021-07-26,0.73,0.61,0.12,19.6721,2021-06-26,2021-07-25
ATO,2021-06-30,2021-08-04,0.78,0.74,0.04,5.4054,2021-07-04,2021-08-03
AVB,2021-06-30,2021-07-28,0.71,0.66,0.05,7.5758,2021-06-28,2021-07-27
AVGO,2021-07-31,2021-09-02,0.696,0.688,0.008,1.1628,2021-08-02,2021-09-01
AVY,2021-06-30,2021-07-28,2.25,2.04,0.21,10.2941,2021-06-28,2021-07-27
AWK,2021-06-30,2021-08-02,1.14,1.08,0.06,5.5556,2021-07-02,2021-08-01
AXP,2021-06-30,2021-07-23,2.8,1.63,1.17,71.7791,2021-06-23,2021-07-22
AZO,2021-08-31,2021-09-21,35.72,35.72,0.0,0.0,2021-08-21,2021-09-20
BA,2021-06-30,2021-07-28,0.4,-0.73,1.13,154.7945,2021-06-28,2021-07-27
BAC,2021-06-30,2021-07-14,0.8,0.77,0.03,3.8961,2021-06-14,2021-07-13
BAX,2021-06-30,2021-07-29,0.8,0.75,0.05,6.6667,2021-06-29,2021-07-28
BBY,2021-07-31,2021-08-24,2.98,1.85,1.13,61.0811,2021-07-24,2021-08-23
BDX,2021-06-30,2021-08-05,2.74,2.44,0.3,12.2951,2021-07-05,2021-08-04
BEN,2021-06-30,2021-08-03,0.96,0.78,0.18,23.0769,2021-07-03,2021-08-02
BIIB,2021-06-30,2021-07-22,5.68,4.54,1.14,25.1101,2021-06-22,2021-07-21
BIO,2021-06-30,2021-07-29,3.54,2.66,0.88,33.0827,2021-06-29,2021-07-28
BK,2021-06-30,2021-07-15,1.13,1.0,0.13,13.0,2021-06-15,2021-07-14
BKNG,2021-06-30,2021-08-04,-2.55,-2.04,-0.51,-25.0,2021-07-04,2021-08-03
BKR,2021-06-30,2021-07-21,0.1,0.16,-0.06,-37.5,2021-06-21,2021-07-20
BLK,2021-06-30,2021-07-14,10.03,9.46,0.57,6.0254,2021-06-14,2021-07-13
BMY,2021-06-30,2021-07-28,1.93,1.89,0.04,2.1164,2021-06-28,2021-07-27
BR,2021-06-30,2021-08-12,2.19,2.19,0.0,0.0,2021-07-12,2021-08-11
BSX,2021-06-30,2021-07-27,0.4,0.37,0.03,8.1081,2021-06-27,2021-07-26
BWA,2021-06-30,2021-08-04,1.08,0.81,0.27,33.3333,2021-07-04,2021-08-03
BXP,2021-06-30,2021-07-27,0.71,0.58,0.13,22.4138,2021-06-27,2021-07-26
C,2021-06-30,2021-07-14,2.85,1.96,0.89,45.4082,2021-06-14,2021-07-13
CAG,2021-05-31,2021-07-13,0.54,0.52,0.02,3.8462,2021-06-13,2021-07-12
CAH,2021-06-30,2021-08-05,1.3,1.2,0.1,8.3333,2021-07-05,2021-08-04
CARR,2021-06-30,2021-07-29,0.64,0.55,0.09,16.3636,2021-06-29,2021-07-28
CAT,2021-06-30,2021-07-30,2.6,2.41,0.19,7.8838,2021-06-30,2021-07-29
CB,2021-06-30,2021-07-27,3.62,3.01,0.61,20.2658,2021-06-27,2021-07-26
CBOE,2021-06-30,2021-07-30,1.38,1.36,0.02,1.4706,2021-06-30,2021-07-29
CBRE,2021-06-30,2021-07-29,1.36,0.77,0.59,76.6234,2021-06-29,2021-07-28
CCI,2021-06-30,2021-07-21,0.77,0.69,0.08,11.5942,2021-06-21,2021-07-20
CCL,2021-05-31,2021-06-28,-1.8,-1.6,-0.2,-12.5,2021-05-28,2021-06-27
CDNS,2021-06-30,2021-07-26,0.86,0.76,0.1,13.1579,2021-06-26,2021-07-25
CDW,2021-06-30,2021-08-04,2.02,1.8,0.22,12.2222,2021-07-04,2021-08-03
CE,2021-06-30,2021-07-22,5.02,4.45,0.57,12.809,2021-06-22,2021-07-21
CF,2021-06-30,2021-08-09,1.15,1.57,-0.42,-26.7516,2021-07-09,2021-08-08
CFG,2021-06-30,2021-07-20,1.46,1.14,0.32,28.0702,2021-06-20,2021-07-19
CHD,2021-06-30,2021-07-30,0.76,0.7,0.06,8.5714,2021-06-30,2021-07-29
CHRW,2021-06-30,2021-07-27,1.44,1.34,0.1,7.4627,2021-06-27,2021-07-26
CHTR,2021-06-30,2021-07-30,5.29,4.78,0.51,10.6695,2021-06-30,2021-07-29
CI,2021-06-30,2021-08-05,5.24,4.96,0.28,5.6452,2021-07-05,2021-08-04
CINF,2021-06-30,2021-07-28,1.79,0.99,0.8,80.8081,2021-06-28,2021-07-27
CL,2021-06-30,2021-07-30,0.8,0.8,0.0,0.0,2021-06-30,2021-07-29
CLX,2021-06-30,2021-08-03,0.95,1.31,-0.36,-27.4809,2021-07-03,2021-08-02
CMA,2021-06-30,2021-07-21,2.32,1.6,0.72,45.0,2021-06-21,2021-07-20
CMCSA,2021-06-30,2021-07-29,0.84,0.67,0.17,25.3731,2021-06-29,2021-07-28
CME,2021-06-30,2021-07-28,1.64,1.61,0.03,1.8634,2021-06-28,2021-07-27
CMG,2021-06-30,2021-07-20,0.1492,0.1304,0.0188,14.4172,2021-06-20,2021-07-19
CMI,2021-06-30,2021-08-03,4.1,4.05,0.05,1.2346,2021-07-03,2021-08-02
CMS,2021-06-30,2021-07-29,0.62,0.46,0.16,34.7826,2021-06-29,2021-07-28
CNC,2021-06-30,2021-07-27,1.25,1.39,-0.14,-10.0719,2021-06-27,2021-07-26
CNP,2021-06-30,2021-08-05,0.36,0.25,0.11,44.0,2021-07-05,2021-08-04
COF,2021-06-30,2021-07-22,7.71,4.54,3.17,69.8238,2021-06-22,2021-07-21
COO,2021-07-31,2021-09-02,3.41,3.29,0.12,3.6474,2021-08-02,2021-09-01
COP,2021-06-30,2021-08-03,1.27,1.13,0.14,12.3894,2021-07-03,2021-08-02
COST,2021-11-30,2021-12-09,2.98,2.64,0.34,12.8788,2021-11-09,2021-12-08
CPB,2021-07-31,2021-09-01,0.55,0.48,0.07,14.5833,2021-08-01,2021-08-31
CPRT,2021-07-31,2021-09-08,0.52,0.46,0.06,13.0435,2021-08-08,2021-09-07
CRL,2021-06-30,2021-08-04,2.61,2.38,0.23,9.6639,2021-07-04,2021-08-03
CRM,2021-07-31,2021-08-25,1.48,0.93,0.55,59.1398,2021-07-25,2021-08-24
CSCO,2021-07-31,2021-08-18,0.84,0.82,0.02,2.439,2021-07-18,2021-08-17
CSX,2021-06-30,2021-07-21,0.39,0.37,0.02,5.4054,2021-06-21,2021-07-20
CTAS,2021-08-31,2021-09-29,3.11,2.75,0.36,13.0909,2021-08-29,2021-09-28
CTSH,2021-06-30,2021-07-28,0.99,0.96,0.03,3.125,2021-06-28,2021-07-27
CTVA,2021-06-30,2021-08-05,1.4,1.26,0.14,11.1111,2021-07-05,2021-08-04
CVS,2021-06-30,2021-08-04,2.42,2.06,0.36,17.4757,2021-07-04,2021-08-03
CVX,2021-06-30,2021-07-30,1.71,1.6,0.11,6.875,2021-06-30,2021-07-29
CZR,2021-06-30,2021-08-03,0.57,-0.18,0.75,416.6667,2021-07-03,2021-08-02
D,2021-06-30,2021-08-06,0.76,0.77,-0.01,-1.2987,2021-07-06,2021-08-05
DAL,2021-06-30,2021-07-14,-1.07,-1.39,0.32,23.0216,2021-06-14,2021-07-13
DD,2021-06-30,2021-08-03,1.13,0.944,0.186,19.7034,2021-07-03,2021-08-02
DE,2021-07-31,2021-08-20,5.32,4.57,0.75,16.4114,2021-07-20,2021-08-19
DG,2021-07-31,2021-08-26,2.69,2.59,0.1,3.861,2021-07-26,2021-08-25
DGX,2021-06-30,2021-07-22,3.18,2.87,0.31,10.8014,2021-06-22,2021-07-21
DHI,2021-06-30,2021-07-22,3.11,2.81,0.3,10.6762,2021-06-22,2021-07-21
DHR,2021-06-30,2021-07-22,2.46,2.05,0.41,20.0,2021-06-22,2021-07-21
DIS,2021-06-30,2021-08-12,0.8,0.55,0.25,45.4545,2021-07-12,2021-08-11
DLR,2021-06-30,2021-07-29,0.45,0.23,0.22,95.6522,2021-06-29,2021-07-28
DLTR,2021-07-31,2021-08-26,1.23,1.0,0.23,23.0,2021-07-26,2021-08-25
DOV,2021-06-30,2021-07-20,2.06,1.84,0.22,11.9565,2021-06-20,2021-07-19
DOW,2021-06-30,2021-07-22,2.72,2.44,0.28,11.4754,2021-06-22,2021-07-21
DPZ,2021-06-30,2021-07-22,3.12,2.87,0.25,8.7108,2021-06-22,2021-07-21
DRI,2021-08-31,2021-09-23,1.76,1.65,0.11,6.6667,2021-08-23,2021-09-22
DTE,2021-06-30,2021-07-27,1.7,1.3,0.4,30.7692,2021-06-27,2021-07-26
DUK,2021-06-30,2021-08-05,1.15,1.1,0.05,4.5455,2021-07-05,2021-08-04
DVA,2021-06-30,2021-08-03,2.64,2.17,0.47,21.659,2021-07-03,2021-08-02
DVN,2021-06-30,2021-08-03,0.6,0.52,0.08,15.3846,2021-07-03,2021-08-02
DXC,2021-06-30,2021-08-04,0.84,0.74,0.1,13.5135,2021-07-04,2021-08-03
DXCM,2021-06-30,2021-07-29,0.19,0.11,0.08,72.7273,2021-06-29,2021-07-28
EA,2021-06-30,2021-08-04,0.79,0.67,0.12,17.9104,2021-07-04,2021-08-03
EBAY,2021-06-30,2021-08-11,0.99,0.95,0.04,4.2105,2021-07-11,2021-08-10
ECL,2021-06-30,2021-07-27,1.22,1.21,0.01,0.8264,2021-06-27,2021-07-26
ED,2021-06-30,2021-08-05,0.53,0.62,-0.09,-14.5161,2021-07-05,2021-08-04
EFX,2021-06-30,2021-07-21,1.98,1.71,0.27,15.7895,2021-06-21,2021-07-20
EIX,2021-06-30,2021-07-29,0.94,1.02,-0.08,-7.8431,2021-06-29,2021-07-28
EL,2021-06-30,2021-08-19,0.78,0.5,0.28,56.0,2021-07-19,2021-08-18
EMN,2021-06-30,2021-08-02,2.46,2.33,0.13,5.5794,2021-07-02,2021-08-01
EMR,2021-06-30,2021-08-04,1.09,0.97,0.12,12.3711,2021-07-04,2021-08-03
ENPH,2021-06-30,2021-07-27,0.53,0.43,0.1,23.2558,2021-06-27,2021-07-26
EOG,2021-06-30,2021-08-04,1.73,1.56,0.17,10.8974,2021-07-04,2021-08-03
EQIX,2021-06-30,2021-07-28,1.89,1.85,0.04,2.1622,2021-06-28,2021-07-27
EQR,2021-06-30,2021-07-27,0.84,0.24,0.6,250.0,2021-06-27,2021-07-26
ES,2021-06-30,2021-07-29,0.79,0.8,-0.01,-1.25,2021-06-29,2021-07-28
ESS,2021-06-30,2021-07-29,1.0,0.84,0.16,19.0476,2021-06-29,2021-07-28
ETN,2021-06-30,2021-08-03,1.72,1.57,0.15,9.5541,2021-07-03,2021-08-02
ETR,2021-06-30,2021-08-04,1.34,1.4,-0.06,-4.2857,2021-07-04,2021-08-03
ETSY,2021-06-30,2021-08-04,0.68,0.63,0.05,7.9365,2021-07-04,2021-08-03
EVRG,2021-06-30,2021-08-05,0.85,0.73,0.12,16.4384,2021-07-05,2021-08-04
EW,2021-06-30,2021-07-29,0.64,0.56,0.08,14.2857,2021-06-29,2021-07-28
EXC,2021-06-30,2021-08-04,0.89,0.68,0.21,30.8824,2021-07-04,2021-08-03
EXPD,2021-06-30,2021-08-03,1.84,1.61,0.23,14.2857,2021-07-03,2021-08-02
EXPE,2021-06-30,2021-08-05,-1.13,-0.65,-0.48,-73.8462,2021-07-05,2021-08-04
EXR,2021-06-30,2021-07-27,1.25,1.08,0.17,15.7407,2021-06-27,2021-07-26
F,2021-06-30,2021-07-28,0.13,-0.03,0.16,533.3333,2021-06-28,2021-07-27
FANG,2021-06-30,2021-08-02,2.4,2.19,0.21,9.589,2021-07-02,2021-08-01
FAST,2021-06-30,2021-07-13,0.42,0.41,0.01,2.439,2021-06-13,2021-07-12
FCX,2021-06-30,2021-07-22,0.77,0.75,0.02,2.6667,2021-06-22,2021-07-21
FDX,2021-08-31,2021-09-21,4.37,4.92,-0.55,-11.1789,2021-08-21,2021-09-20
FE,2021-06-30,2021-07-22,0.59,0.57,0.02,3.5088,2021-06-22,2021-07-21
FFIV,2021-06-30,2021-07-26,2.76,2.46,0.3,12.1951,2021-06-26,2021-07-25
FIS,2021-06-30,2021-08-03,1.61,1.55,0.06,3.871,2021-07-03,2021-08-02
FITB,2021-06-30,2021-07-22,0.94,0.81,0.13,16.0494,2021-06-22,2021-07-21
FMC,2021-06-30,2021-08-03,1.81,1.78,0.03,1.6854,2021-07-03,2021-08-02
FOX,2021-06-30,2021-08-04,0.65,0.65,0.0,0.0,2021-07-04,2021-08-03
FOXA,2021-06-30,2021-08-04,0.65,0.58,0.07,12.069,2021-07-04,2021-08-03
FRT,2021-06-30,2021-08-04,0.57,0.35,0.22,62.8571,2021-07-04,2021-08-03
FTNT,2021-06-30,2021-07-29,0.19,0.17,0.02,11.7647,2021-06-29,2021-07-28
FTV,2021-06-30,2021-07-29,0.66,0.6,0.06,10.0,2021-06-29,2021-07-28
GD,2021-06-30,2021-07-28,2.61,2.54,0.07,2.7559,2021-06-28,2021-07-27
GE,2021-06-30,2021-07-27,0.4,0.28,0.12,42.8571,2021-06-27,2021-07-26
GILD,2021-06-30,2021-07-29,1.87,1.73,0.14,8.0925,2021-06-29,2021-07-28
GIS,2021-08-31,2021-09-22,0.99,0.89,0.1,11.236,2021-08-22,2021-09-21
GL,2021-06-30,2021-07-21,1.85,1.82,0.03,1.6484,2021-06-21,2021-07-20
GLW,2021-06-30,2021-07-27,0.53,0.51,0.02,3.9216,2021-06-27,2021-07-26
GM,2021-06-30,2021-08-04,1.97,2.23,-0.26,-11.6592,2021-07-04,2021-08-03
GNRC,2021-06-30,2021-07-28,2.39,2.32,0.07,3.0172,2021-06-28,2021-07-27
GOOG,2021-06-30,2021-07-27,1.36,0.96,0.4,41.6667,2021-06-27,2021-07-26
GOOGL,2021-06-30,2021-07-27,1.36,0.96,0.4,41.6667,2021-06-27,2021-07-26
GPC,2021-06-30,2021-07-22,1.74,1.54,0.2,12.987,2021-06-22,2021-07-21
GPN,2021-06-30,2021-08-02,2.04,1.9,0.14,7.3684,2021-07-02,2021-08-01
GRMN,2021-06-30,2021-07-28,1.68,1.26,0.42,33.3333,2021-06-28,2021-07-27
GS,2021-06-30,2021-07-13,15.02,10.2,4.82,47.2549,2021-06-13,2021-07-12
GWW,2021-06-30,2021-07-30,4.27,4.61,-0.34,-7.3753,2021-06-30,2021-07-29
HAL,2021-06-30,2021-07-20,0.26,0.23,0.03,13.0435,2021-06-20,2021-07-19
HAS,2021-06-30,2021-07-26,1.05,0.47,0.58,123.4043,2021-06-26,2021-07-25
HBAN,2021-06-30,2021-07-29,-0.05,0.13,-0.18,-138.4615,2021-06-29,2021-07-28
HBI,2021-06-30,2021-08-05,0.47,0.39,0.08,20.5128,2021-07-05,2021-08-04
HCA,2021-06-30,2021-07-20,4.37,3.16,1.21,38.2911,2021-06-20,2021-07-19
HD,2021-07-31,2021-08-17,4.53,4.43,0.1,2.2573,2021-07-17,2021-08-16
HIG,2021-06-30,2021-07-28,2.33,1.34,0.99,73.8806,2021-06-28,2021-07-27
HII,2021-06-30,2021-08-05,3.2,2.51,0.69,27.49,2021-07-05,2021-08-04
HLT,2021-06-30,2021-07-29,0.56,0.4,0.16,40.0,2021-06-29,2021-07-28
HOLX,2021-06-30,2021-07-28,1.33,1.12,0.21,18.75,2021-06-28,2021-07-27
HON,2021-06-30,2021-07-23,2.02,1.94,0.08,4.1237,2021-06-23,2021-07-22
HPE,2021-07-31,2021-09-02,0.47,0.42,0.05,11.9048,2021-08-02,2021-09-01
HPQ,2021-07-31,2021-08-26,1.0,0.84,0.16,19.0476,2021-07-26,2021-08-25
HRL,2021-07-31,2021-09-02,0.39,0.39,0.0,0.0,2021-08-02,2021-09-01
HSIC,2021-06-30,2021-08-03,1.11,0.97,0.14,14.433,2021-07-03,2021-08-02
HST,2021-06-30,2021-08-03,-0.09,-0.23,0.14,60.8696,2021-07-03,2021-08-02
HSY,2021-06-30,2021-07-29,1.47,1.42,0.05,3.5211,2021-06-29,2021-07-28
HUM,2021-06-30,2021-07-28,6.89,6.84,0.05,0.731,2021-06-28,2021-07-27
HWM,2021-06-30,2021-08-04,0.22,0.22,0.0,0.0,2021-07-04,2021-08-03
IBM,2021-06-30,2021-07-19,2.33,2.29,0.04,1.7467,2021-06-19,2021-07-18
ICE,2021-06-30,2021-07-29,1.16,1.16,0.0,0.0,2021-06-29,2021-07-28
IDXX,2021-06-30,2021-07-30,2.34,2.04,0.3,14.7059,2021-06-30,2021-07-29
IEX,2021-06-30,2021-07-27,1.61,1.62,-0.01,-0.6173,2021-06-27,2021-07-26
IFF,2021-06-30,2021-08-05,1.5,1.49,0.01,0.6711,2021-07-05,2021-08-04
ILMN,2021-06-30,2021-08-05,1.87,1.36,0.51,37.5,2021-07-05,2021-08-04
INCY,2021-06-30,2021-08-03,0.8,0.74,0.06,8.1081,2021-07-03,2021-08-02
INTC,2021-06-30,2021-07-22,1.28,1.07,0.21,19.6262,2021-06-22,2021-07-21
INTU,2021-07-31,2021-08-24,1.97,1.59,0.38,23.8994,2021-07-24,2021-08-23
IP,2021-06-30,2021-07-29,1.06,1.05,0.01,0.9524,2021-06-29,2021-07-28
IPG,2021-06-30,2021-07-21,0.7,0.42,0.28,66.6667,2021-06-21,2021-07-20
IPGP,2021-06-30,2021-08-03,1.29,1.41,-0.12,-8.5106,2021-07-03,2021-08-02
IQV,2021-06-30,2021-07-27,2.13,2.08,0.05,2.4038,2021-06-27,2021-07-26
IR,2021-06-30,2021-07-28,0.46,0.42,0.04,9.5238,2021-06-28,2021-07-27
IRM,2021-06-30,2021-08-05,0.38,0.35,0.03,8.5714,2021-07-05,2021-08-04
ISRG,2021-06-30,2021-07-20,1.31,1.02,0.29,28.4314,2021-06-20,2021-07-19
IT,2021-06-30,2021-08-03,2.24,1.73,0.51,29.4798,2021-07-03,2021-08-02
ITW,2021-06-30,2021-07-30,2.45,2.09,0.36,17.2249,2021-06-30,2021-07-29
IVZ,2021-06-30,2021-07-27,0.78,0.7,0.08,11.4286,2021-06-27,2021-07-26
J,2021-06-30,2021-08-03,1.64,1.53,0.11,7.1895,2021-07-03,2021-08-02
JBHT,2021-06-30,2021-07-19,1.61,1.57,0.04,2.5478,2021-06-19,2021-07-18
JCI,2021-06-30,2021-07-30,0.83,0.83,0.0,0.0,2021-06-30,2021-07-29
JKHY,2021-06-30,2021-08-17,1.04,0.93,0.11,11.828,2021-07-17,2021-08-16
JNJ,2021-06-30,2021-07-21,2.48,2.28,0.2,8.7719,2021-06-21,2021-07-20
JPM,2021-06-30,2021-07-13,3.78,3.17,0.61,19.2429,2021-06-13,2021-07-12
K,2021-06-30,2021-08-05,1.14,1.03,0.11,10.6796,2021-07-05,2021-08-04
KEY,2021-06-30,2021-07-20,0.73,0.54,0.19,35.1852,2021-06-20,2021-07-19
KEYS,2021-07-31,2021-08-18,1.54,1.44,0.1,6.9444,2021-07-18,2021-08-17
KHC,2021-06-30,2021-08-04,0.78,0.72,0.06,8.3333,2021-07-04,2021-08-03
KIM,2021-06-30,2021-07-29,0.26,0.12,0.14,116.6667,2021-06-29,2021-07-28
KLAC,2021-06-30,2021-07-29,4.43,3.99,0.44,11.0276,2021-06-29,2021-07-28
KMB,2021-06-30,2021-07-23,1.47,1.71,-0.24,-14.0351,2021-06-23,2021-07-22
KMI,2021-06-30,2021-07-21,0.23,0.2,0.03,15.0,2021-06-21,2021-07-20
KMX,2021-08-31,2021-09-30,1.72,1.9,-0.18,-9.4737,2021-08-30,2021-09-29
KO,2021-06-30,2021-07-21,0.68,0.56,0.12,21.4286,2021-06-21,2021-07-20
KR,2021-07-31,2021-09-10,0.8,0.643,0.157,24.4168,2021-08-10,2021-09-09
L,2021-06-30,2021-08-02,1.15,0.8274,0.3226,38.9896,2021-07-02,2021-08-01
LDOS,2021-06-30,2021-08-03,1.52,1.58,-0.06,-3.7975,2021-07-03,2021-08-02
LEG,2021-06-30,2021-08-02,0.66,0.54,0.12,22.2222,2021-07-02,2021-08-01
LEN,2021-08-31,2021-09-20,4.52,3.27,1.25,38.2263,2021-08-20,2021-09-19
LH,2021-06-30,2021-07-29,6.13,5.53,0.6,10.8499,2021-06-29,2021-07-28
LHX,2021-06-30,2021-08-03,3.26,3.18,0.08,2.5157,2021-07-03,2021-08-02
LIN,2021-06-30,2021-07-30,2.7,2.54,0.16,6.2992,2021-06-30,2021-07-29
LKQ,2021-06-30,2021-07-29,1.13,0.75,0.38,50.6667,2021-06-29,2021-07-28
LLY,2021-06-30,2021-08-03,1.87,1.89,-0.02,-1.0582,2021-07-03,2021-08-02
LMT,2021-06-30,2021-07-26,6.52,6.52,0.0,0.0,2021-06-26,2021-07-25
LNC,2021-06-30,2021-08-04,3.17,2.45,0.72,29.3878,2021-07-04,2021-08-03
LNT,2021-06-30,2021-08-05,0.57,0.56,0.01,1.7857,2021-07-05,2021-08-04
LOW,2021-07-31,2021-08-18,4.25,4.01,0.24,5.985,2021-07-18,2021-08-17
LRCX,2021-06-30,2021-07-28,8.09,7.55,0.54,7.1523,2021-06-28,2021-07-27
LUMN,2021-06-30,2021-08-03,0.46,0.41,0.05,12.1951,2021-07-03,2021-08-02
LUV,2021-06-30,2021-07-22,-0.35,-0.23,-0.12,-52.1739,2021-06-22,2021-07-21
LVS,2021-06-30,2021-07-21,-0.26,-0.17,-0.09,-52.9412,2021-06-21,2021-07-20
LW,2021-05-31,2021-07-27,0.44,0.42,0.02,4.7619,2021-06-27,2021-07-26
LYB,2021-06-30,2021-07-30,6.13,5.57,0.56,10.0539,2021-06-30,2021-07-29
LYV,2021-06-30,2021-08-03,-0.9,-1.18,0.28,23.7288,2021-07-03,2021-08-02
MA,2021-06-30,2021-07-29,1.95,1.75,0.2,11.4286,2021-06-29,2021-07-28
MAA,2021-06-30,2021-07-28,1.72,0.58,1.14,196.5517,2021-06-28,2021-07-27
MAR,2021-06-30,2021-08-03,0.79,0.45,0.34,75.5556,2021-07-03,2021-08-02
MAS,2021-06-30,2021-07-29,1.14,1.04,0.1,9.6154,2021-06-29,2021-07-28
MCD,2021-06-30,2021-07-28,2.37,2.12,0.25,11.7925,2021-06-28,2021-07-27
MCHP,2021-06-30,2021-08-03,0.99,0.95,0.04,4.2105,2021-07-03,2021-08-02
MCK,2021-06-30,2021-08-04,5.56,4.15,1.41,33.9759,2021-07-04,2021-08-03
MCO,2021-06-30,2021-07-28,3.22,2.78,0.44,15.8273,2021-06-28,2021-07-27
MDLZ,2021-06-30,2021-07-27,0.66,0.65,0.01,1.5385,2021-06-27,2021-07-26
MDT,2021-07-31,2021-08-24,1.41,1.32,0.09,6.8182,2021-07-24,2021-08-23
MET,2021-06-30,2021-08-04,2.37,1.62,0.75,46.2963,2021-07-04,2021-08-03
MGM,2021-06-30,2021-08-04,-0.13,-0.3,0.17,56.6667,2021-07-04,2021-08-03
MHK,2021-06-30,2021-07-29,4.45,3.68,0.77,20.9239,2021-06-29,2021-07-28
MKC,2021-05-31,2021-07-01,0.69,0.62,0.07,11.2903,2021-06-01,2021-06-30
MKTX,2021-06-30,2021-07-21,1.77,1.69,0.08,4.7337,2021-06-21,2021-07-20
MLM,2021-06-30,2021-07-29,3.81,3.84,-0.03,-0.7812,2021-06-29,2021-07-28
MMC,2021-06-30,2021-07-22,1.75,1.43,0.32,22.3776,2021-06-22,2021-07-21
MMM,2021-06-30,2021-07-27,2.59,2.28,0.31,13.5965,2021-06-27,2021-07-26
MNST,2021-06-30,2021-08-05,0.75,0.68,0.07,10.2941,2021-07-05,2021-08-04
MO,2021-06-30,2021-07-29,1.23,1.18,0.05,4.2373,2021-06-29,2021-07-28
MOS,2021-06-30,2021-08-02,1.17,0.98,0.19,19.3878,2021-07-02,2021-08-01
MPC,2021-06-30,2021-08-04,0.67,0.38,0.29,76.3158,2021-07-04,2021-08-03
MPWR,2021-06-30,2021-07-27,1.81,1.69,0.12,7.1006,2021-06-27,2021-07-26
MRK,2021-06-30,2021-07-29,1.31,1.31,0.0,0.0,2021-06-29,2021-07-28
MS,2021-06-30,2021-07-15,1.85,1.65,0.2,12.1212,2021-06-15,2021-07-14
MSCI,2021-06-30,2021-07-27,2.45,2.3,0.15,6.5217,2021-06-27,2021-07-26
MSFT,2021-06-30,2021-07-27,2.17,1.92,0.25,13.0208,2021-06-27,2021-07-26
MSI,2021-06-30,2021-08-05,2.07,1.92,0.15,7.8125,2021-07-05,2021-08-04
MTB,2021-06-30,2021-07-21,3.41,3.62,-0.21,-5.8011,2021-06-21,2021-07-20
MTD,2021-06-30,2021-07-29,8.1,7.62,0.48,6.2992,2021-06-29,2021-07-28
MU,2021-05-31,2021-06-30,1.88,1.72,0.16,9.3023,2021-05-30,2021-06-29
NCLH,2021-06-30,2021-08-06,-1.93,-1.97,0.04,2.0305,2021-07-06,2021-08-05
NDAQ,2021-06-30,2021-07-21,0.63,0.58,0.05,8.6207,2021-06-21,2021-07-20
NEE,2021-06-30,2021-07-23,0.71,0.7,0.01,1.4286,2021-06-23,2021-07-22
NEM,2021-06-30,2021-07-22,0.83,0.78,0.05,6.4103,2021-06-22,2021-07-21
NFLX,2021-06-30,2021-07-20,2.97,3.16,-0.19,-6.0127,2021-06-20,2021-07-19
NI,2021-06-30,2021-08-04,0.13,0.13,0.0,0.0,2021-07-04,2021-08-03
NKE,2021-08-31,2021-09-23,1.16,1.12,0.04,3.5714,2021-08-23,2021-09-22
NOC,2021-06-30,2021-07-29,6.42,5.85,0.57,9.7436,2021-06-29,2021-07-28
NOV,2021-06-30,2021-07-27,-0.03,-0.13,0.1,76.9231,2021-06-27,2021-07-26
NOW,2021-06-30,2021-07-28,1.42,1.21,0.21,17.3554,2021-06-28,2021-07-27
NRG,2021-06-30,2021-08-05,4.4,1.38,3.02,218.8406,2021-07-05,2021-08-04
NSC,2021-06-30,2021-07-28,3.28,2.97,0.31,10.4377,2021-06-28,2021-07-27
NTAP,2021-07-31,2021-08-25,1.15,0.95,0.2,21.0526,2021-07-25,2021-08-24
NTRS,2021-06-30,2021-07-21,1.72,1.72,0.0,0.0,2021-06-21,2021-07-20
NUE,2021-06-30,2021-07-22,5.15,4.79,0.36,7.5157,2021-06-22,2021-07-21
NVDA,2021-07-31,2021-08-18,0.104,0.102,0.002,1.9608,2021-07-18,2021-08-17
NVR,2021-06-30,2021-07-21,82.45,72.43,10.02,13.834,2021-06-21,2021-07-20
NWL,2021-06-30,2021-07-30,0.56,0.45,0.11,24.4444,2021-06-30,2021-07-29
NWS,2021-06-30,2021-08-05,0.16,0.06,0.1,166.6667,2021-07-05,2021-08-04
NWSA,2021-06-30,2021-08-05,0.16,0.04,0.12,300.0,2021-07-05,2021-08-04
NXPI,2021-06-30,2021-08-02,2.39,2.32,0.07,3.0172,2021-07-02,2021-08-01
O,2021-06-30,2021-08-02,0.33,0.37,-0.04,-10.8108,2021-07-02,2021-08-01
ODFL,2021-06-30,2021-07-28,2.31,2.16,0.15,6.9444,2021-06-28,2021-07-27
OGN,2021-09-30,2021-11-11,1.67,1.44,0.23,15.9722,2021-10-11,2021-11-10
OKE,2021-06-30,2021-08-03,0.77,0.75,0.02,2.6667,2021-07-03,2021-08-02
OMC,2021-06-30,2021-07-20,1.46,1.38,0.08,5.7971,2021-06-20,2021-07-19
ORCL,2021-08-31,2021-09-13,1.03,0.97,0.06,6.1856,2021-08-13,2021-09-12
ORLY,2021-06-30,2021-07-28,0.56,0.5,0.06,12.0,2021-06-28,2021-07-27
OTIS,2021-06-30,2021-07-26,0.79,0.72,0.07,9.7222,2021-06-26,2021-07-25
OXY,2021-06-30,2021-08-03,0.32,0.03,0.29,966.6667,2021-07-03,2021-08-02
PAYC,2021-06-30,2021-08-03,0.97,0.84,0.13,15.4762,2021-07-03,2021-08-02
PAYX,2021-08-31,2021-09-30,0.89,0.8,0.09,11.25,2021-08-30,2021-09-29
PCAR,2021-06-30,2021-07-27,0.94,0.93,0.01,1.0753,2021-06-27,2021-07-26
PEG,2021-06-30,2021-08-03,0.7,0.7,0.0,0.0,2021-07-03,2021-08-02
PENN,2021-06-30,2021-08-05,1.17,0.92,0.25,27.1739,2021-07-05,2021-08-04
PEP,2021-06-30,2021-07-13,1.72,1.53,0.19,12.4183,2021-06-13,2021-07-12
PFE,2021-06-30,2021-07-28,1.07,0.98,0.09,9.1837,2021-06-28,2021-07-27
PFG,2021-06-30,2021-07-27,1.7,1.51,0.19,12.5828,2021-06-27,2021-07-26
PG,2021-06-30,2021-07-30,1.13,1.09,0.04,3.6697,2021-06-30,2021-07-29
PGR,2021-06-30,2021-07-15,0.72,1.08,-0.36,-33.3333,2021-06-15,2021-07-14
PH,2021-06-30,2021-08-05,4.38,4.33,0.05,1.1547,2021-07-05,2021-08-04
PHM,2021-06-30,2021-07-27,1.9,1.73,0.17,9.8266,2021-06-27,2021-07-26
PKG,2021-06-30,2021-07-26,2.17,1.78,0.39,21.9101,2021-06-26,2021-07-25
PLD,2021-06-30,2021-07-19,0.81,0.44,0.37,84.0909,2021-06-19,2021-07-18
PM,2021-06-30,2021-07-20,1.57,1.55,0.02,1.2903,2021-06-20,2021-07-19
PNC,2021-06-30,2021-07-14,2.43,1.78,0.65,36.5169,2021-06-14,2021-07-13
PNR,2021-06-30,2021-07-27,0.84,0.8,0.04,5.0,2021-06-27,2021-07-26
PNW,2021-06-30,2021-08-05,1.91,1.65,0.26,15.7576,2021-07-05,2021-08-04
POOL,2021-06-30,2021-07-22,6.37,5.48,0.89,16.2409,2021-06-22,2021-07-21
PPG,2021-06-30,2021-07-19,1.94,2.18,-0.24,-11.0092,2021-06-19,2021-07-18
PPL,2021-06-30,2021-08-05,0.19,0.24,-0.05,-20.8333,2021-07-05,2021-08-04
PRGO,2021-06-30,2021-08-11,0.5,0.61,-0.11,-18.0328,2021-07-11,2021-08-10
PRU,2021-06-30,2021-08-03,3.79,3.1,0.69,22.2581,2021-07-03,2021-08-02
PSA,2021-06-30,2021-08-03,1.97,1.87,0.1,5.3476,2021-07-03,2021-08-02
PSX,2021-06-30,2021-08-03,0.74,0.6,0.14,23.3333,2021-07-03,2021-08-02
PTC,2021-06-30,2021-07-28,0.83,0.62,0.21,33.871,2021-06-28,2021-07-27
PVH,2021-08-31,2021-11-30,2.509,2.07,0.439,21.2077,2021-10-30,2021-11-29
PWR,2021-06-30,2021-08-05,1.06,1.04,0.02,1.9231,2021-07-05,2021-08-04
PYPL,2021-06-30,2021-07-28,1.15,1.12,0.03,2.6786,2021-06-28,2021-07-27
QCOM,2021-06-30,2021-07-28,1.92,1.68,0.24,14.2857,2021-06-28,2021-07-27
QRVO,2021-06-30,2021-08-04,2.83,2.45,0.38,15.5102,2021-07-04,2021-08-03
RCL,2021-06-30,2021-08-04,-5.06,-4.39,-0.67,-15.262,2021-07-04,2021-08-03
REG,2021-06-30,2021-08-05,0.56,0.29,0.27,93.1034,2021-07-05,2021-08-04
REGN,2021-06-30,2021-08-05,25.8,17.53,8.27,47.1763,2021-07-05,2021-08-04
RF,2021-06-30,2021-07-23,0.77,0.53,0.24,45.283,2021-06-23,2021-07-22
RHI,2021-06-30,2021-07-22,1.33,1.06,0.27,25.4717,2021-06-22,2021-07-21
RJF,2021-06-30,2021-07-28,1.83,1.59,0.24,15.0943,2021-06-28,2021-07-27
RL,2021-06-30,2021-08-03,2.29,0.88,1.41,160.2273,2021-07-03,2021-08-02
RMD,2021-06-30,2021-08-05,1.35,1.3,0.05,3.8462,2021-07-05,2021-08-04
ROK,2021-06-30,2021-07-27,2.31,2.09,0.22,10.5263,2021-06-27,2021-07-26
ROL,2021-06-30,2021-07-28,0.2,0.18,0.02,11.1111,2021-06-28,2021-07-27
ROP,2021-06-30,2021-07-23,3.76,3.67,0.09,2.4523,2021-06-23,2021-07-22
ROST,2021-07-31,2021-08-19,1.39,1.39,0.0,0.0,2021-07-19,2021-08-18
RSG,2021-06-30,2021-07-29,1.09,0.96,0.13,13.5417,2021-06-29,2021-07-28
RTX,2021-06-30,2021-07-27,1.03,0.93,0.1,10.7527,2021-06-27,2021-07-26
SBAC,2021-06-30,2021-08-02,1.37,0.68,0.69,101.4706,2021-07-02,2021-08-01
SBUX,2021-06-30,2021-07-27,1.01,0.78,0.23,29.4872,2021-06-27,2021-07-26
SCHW,2021-06-30,2021-07-16,0.7,0.72,-0.02,-2.7778,2021-06-16,2021-07-15
SEE,2021-06-30,2021-08-03,0.79,0.78,0.01,1.2821,2021-07-03,2021-08-02
SHW,2021-06-30,2021-07-27,2.65,2.68,-0.03,-1.1194,2021-06-27,2021-07-26
SJM,2021-07-31,2021-08-26,1.9,1.86,0.04,2.1505,2021-07-26,2021-08-25
SLB,2021-06-30,2021-07-23,0.3,0.26,0.04,15.3846,2021-06-23,2021-07-22
SNA,2021-06-30,2021-07-22,3.76,3.22,0.54,16.7702,2021-06-22,2021-07-21
SNPS,2021-07-31,2021-08-18,1.81,1.78,0.03,1.6854,2021-07-18,2021-08-17
SO,2021-06-30,2021-07-29,0.84,0.79,0.05,6.3291,2021-06-29,2021-07-28
SPG,2021-06-30,2021-08-02,1.56,1.01,0.55,54.4554,2021-07-02,2021-08-01
SPGI,2021-06-30,2021-07-29,3.62,3.27,0.35,10.7034,2021-06-29,2021-07-28
SRE,2021-06-30,2021-08-05,1.63,1.59,0.04,2.5157,2021-07-05,2021-08-04
STE,2021-06-30,2021-08-09,1.76,1.49,0.27,18.1208,2021-07-09,2021-08-08
STT,2021-06-30,2021-07-16,1.97,1.8,0.17,9.4444,2021-06-16,2021-07-15
STX,2021-06-30,2021-07-21,2.0,1.88,0.12,6.383,2021-06-21,2021-07-20
STZ,2021-05-31,2021-06-30,2.33,2.34,-0.01,-0.4274,2021-05-30,2021-06-29
SWK,2021-06-30,2021-07-27,3.08,2.9,0.18,6.2069,2021-06-27,2021-07-26
SWKS,2021-06-30,2021-07-29,2.15,2.14,0.01,0.4673,2021-06-29,2021-07-28
SYF,2021-06-30,2021-07-20,2.12,1.36,0.76,55.8824,2021-06-20,2021-07-19
SYK,2021-06-30,2021-07-27,2.25,2.13,0.12,5.6338,2021-06-27,2021-07-26
SYY,2021-06-30,2021-08-10,0.71,0.6,0.11,18.3333,2021-07-10,2021-08-09
T,2021-06-30,2021-07-22,0.89,0.8,0.09,11.25,2021-06-22,2021-07-21
TAP,2021-06-30,2021-07-29,1.58,1.34,0.24,17.9104,2021-06-29,2021-07-28
TDG,2021-06-30,2021-08-10,3.33,2.97,0.36,12.1212,2021-07-10,2021-08-09
TDY,2021-06-30,2021-07-28,4.61,2.82,1.79,63.4752,2021-06-28,2021-07-27
TEL,2021-06-30,2021-07-28,1.79,1.58,0.21,13.2911,2021-06-28,2021-07-27
TER,2021-06-30,2021-07-27,1.91,1.75,0.16,9.1429,2021-06-27,2021-07-26
TFC,2021-06-30,2021-07-15,1.55,1.19,0.36,30.2521,2021-06-15,2021-07-14
TFX,2021-06-30,2021-07-29,3.35,2.87,0.48,16.7247,2021-06-29,2021-07-28
TGT,2021-07-31,2021-08-18,3.64,3.49,0.15,4.298,2021-07-18,2021-08-17
TJX,2021-07-31,2021-08-18,0.79,0.57,0.22,38.5965,2021-07-18,2021-08-17
TMO,2021-06-30,2021-07-28,5.6,5.44,0.16,2.9412,2021-06-28,2021-07-27
TMUS,2021-06-30,2021-07-29,0.78,0.53,0.25,47.1698,2021-06-29,2021-07-28
TPR,2021-06-30,2021-08-19,0.74,0.69,0.05,7.2464,2021-07-19,2021-08-18
TRMB,2021-06-30,2021-08-04,0.72,0.6,0.12,20.0,2021-07-04,2021-08-03
TROW,2021-06-30,2021-07-29,3.31,3.21,0.1,3.1153,2021-06-29,2021-07-28
TRV,2021-06-30,2021-07-20,3.45,2.39,1.06,44.3515,2021-06-20,2021-07-19
TSCO,2021-06-30,2021-07-19,3.19,2.96,0.23,7.7703,2021-06-19,2021-07-18
TSLA,2021-06-30,2021-07-26,0.48,0.33,0.15,45.4545,2021-06-26,2021-07-25
TSN,2021-06-30,2021-08-09,2.7,1.62,1.08,66.6667,2021-07-09,2021-08-08
TT,2021-06-30,2021-08-04,1.92,1.9,0.02,1.0526,2021-07-04,2021-08-03
TTWO,2021-06-30,2021-08-02,1.01,0.89,0.12,13.4831,2021-07-02,2021-08-01
TXN,2021-06-30,2021-07-21,2.05,1.83,0.22,12.0219,2021-06-21,2021-07-20
TXT,2021-06-30,2021-07-29,0.81,0.81,0.0,0.0,2021-06-29,2021-07-28
TYL,2021-06-30,2021-07-28,1.83,1.63,0.2,12.2699,2021-06-28,2021-07-27
UA,2021-06-30,2021-08-03,0.1,0.05,0.05,100.0,2021-07-03,2021-08-02
UAA,2021-06-30,2021-08-03,0.24,0.06,0.18,300.0,2021-07-03,2021-08-02
UAL,2021-06-30,2021-07-20,-3.91,-3.86,-0.05,-1.2953,2021-06-20,2021-07-19
UDR,2021-06-30,2021-07-28,0.04,0.0108,0.0292,270.3704,2021-06-28,2021-07-27
UHS,2021-06-30,2021-07-26,3.76,2.7,1.06,39.2593,2021-06-26,2021-07-25
ULTA,2021-07-31,2021-08-25,4.56,2.68,1.88,70.1493,2021-07-25,2021-08-24
UNH,2021-06-30,2021-07-15,4.7,4.46,0.24,5.3812,2021-06-15,2021-07-14
UNM,2021-06-30,2021-08-03,1.39,1.12,0.27,24.1071,2021-07-03,2021-08-02
UNP,2021-06-30,2021-07-22,2.73,2.56,0.17,6.6406,2021-06-22,2021-07-21
UPS,2021-06-30,2021-07-27,3.06,2.81,0.25,8.8968,2021-06-27,2021-07-26
URI,2021-06-30,2021-07-28,4.66,4.88,-0.22,-4.5082,2021-06-28,2021-07-27
USB,2021-06-30,2021-07-15,1.28,1.14,0.14,12.2807,2021-06-15,2021-07-14
V,2021-06-30,2021-07-27,1.49,1.35,0.14,10.3704,2021-06-27,2021-07-26
VFC,2021-06-30,2021-07-30,0.27,0.11,0.16,145.4545,2021-06-30,2021-07-29
VLO,2021-06-30,2021-07-29,0.48,0.13,0.35,269.2308,2021-06-29,2021-07-28
VMC,2021-06-30,2021-08-04,1.57,1.66,-0.09,-5.4217,2021-07-04,2021-08-03
VNO,2021-06-30,2021-08-02,0.25,0.1,0.15,150.0,2021-07-02,2021-08-01
VRSK,2021-06-30,2021-08-03,1.17,1.33,-0.16,-12.0301,2021-07-03,2021-08-02
VRSN,2021-06-30,2021-07-22,1.31,1.33,-0.02,-1.5038,2021-06-22,2021-07-21
VRTX,2021-06-30,2021-07-29,3.11,2.51,0.6,23.9044,2021-06-29,2021-07-28
VTR,2021-06-30,2021-08-06,0.23,-0.06,0.29,483.3333,2021-07-06,2021-08-05
VTRS,2021-06-30,2021-08-09,0.98,0.87,0.11,12.6437,2021-07-09,2021-08-08
VZ,2021-06-30,2021-07-21,1.37,1.3,0.07,5.3846,2021-06-21,2021-07-20
WAB,2021-06-30,2021-07-29,1.06,0.95,0.11,11.5789,2021-06-29,2021-07-28
WAT,2021-06-30,2021-08-03,2.6,2.28,0.32,14.0351,2021-07-03,2021-08-02
WBA,2021-05-31,2021-07-01,1.38,1.17,0.21,17.9487,2021-06-01,2021-06-30
WDC,2021-06-30,2021-08-04,2.16,1.5,0.66,44.0,2021-07-04,2021-08-03
WEC,2021-06-30,2021-08-03,0.87,0.79,0.08,10.1266,2021-07-03,2021-08-02
WELL,2021-06-30,2021-07-29,0.06,0.1,-0.04,-40.0,2021-06-29,2021-07-28
WFC,2021-06-30,2021-07-14,1.38,0.98,0.4,40.8163,2021-06-14,2021-07-13
WHR,2021-06-30,2021-07-21,6.64,5.91,0.73,12.3519,2021-06-21,2021-07-20
WM,2021-06-30,2021-07-27,1.27,1.19,0.08,6.7227,2021-06-27,2021-07-26
WMB,2021-06-30,2021-08-02,0.27,0.28,-0.01,-3.5714,2021-07-02,2021-08-01
WMT,2021-07-31,2021-08-17,0.5933,0.59,0.0033,0.5593,2021-07-17,2021-08-16
WRB,2021-06-30,2021-07-22,0.78,0.67,0.11,16.4179,2021-06-22,2021-07-21
WST,2021-06-30,2021-07-29,2.46,1.74,0.72,41.3793,2021-06-29,2021-07-28
WU,2021-06-30,2021-08-04,0.48,0.48,0.0,0.0,2021-07-04,2021-08-03
WY,2021-06-30,2021-07-30,1.37,1.39,-0.02,-1.4388,2021-06-30,2021-07-29
WYNN,2021-06-30,2021-08-04,-1.12,-1.61,0.49,30.4348,2021-07-04,2021-08-03
XEL,2021-06-30,2021-07-29,0.58,0.57,0.01,1.7544,2021-06-29,2021-07-28
XOM,2021-06-30,2021-07-30,1.1,0.99,0.11,11.1111,2021-06-30,2021-07-29
XRAY,2021-06-30,2021-08-05,0.71,0.65,0.06,9.2308,2021-07-05,2021-08-04
XYL,2021-06-30,2021-08-03,0.66,0.62,0.04,6.4516,2021-07-03,2021-08-02
YUM,2021-06-30,2021-07-29,1.16,0.96,0.2,20.8333,2021-06-29,2021-07-28
ZBH,2021-06-30,2021-08-03,1.9,1.87,0.03,1.6043,2021-07-03,2021-08-02
ZBRA,2021-06-30,2021-08-03,4.57,4.1,0.47,11.4634,2021-07-03,2021-08-02
ZION,2021-06-30,2021-07-19,2.08,1.31,0.77,58.7786,2021-06-19,2021-07-18
ZTS,2021-06-30,2021-08-05,1.19,1.08,0.11,10.1852,2021-07-05,2021-08-04
